race_date,race_id,discipline,official,v44_top7,fund_top7,v51_top7,v51_selection_set,v51_top3,hits,trio,quarte,quinte,winner,winner_top1,winner_top2,winner_top3,winner_top7,consensus_count,period
2026-07-11,R1C7_2026-07-11,ATTELE_VOLTE,11-6-9-4-7,14-11-13-9-10-1-4,1-14-8-9-4-11-13,14-11-10-13-9-1-4,9-1-11-14-13-4-10,14-11-10,3,False,False,False,11,False,True,True,True,6,DEV30
2026-07-12,R1C3_2026-07-12,PLAT,7-13-9-12-4,13-9-10-4-12-7-6,13-9-4-10-8-7-16,10-12-13-9-7-6-4,13-7-9-4-10-12-6,10-12-13,5,True,True,True,7,False,False,False,True,5,DEV30
2026-07-13,R1C8_2026-07-13,PLAT,5-8-1-16-11,4-8-5-7-16-2-1,8-16-2-6-4-7-3,4-5-16-7-8-2-1,4-16-8-7-2-5-1,4-5-16,4,True,True,False,5,False,True,True,True,5,DEV30
2026-07-14,R1C3_2026-07-14,PLAT,4-2-14-6-10,4-1-2-5-6-3-9,1-2-5-7-6-4-3,4-6-2-1-5-3-9,2-6-5-4-1-3-9,4-6-2,3,False,False,False,4,True,True,True,True,6,DEV30
2026-07-15,R1C8_2026-07-15,ATTELE_AUTOSTART,11-3-4-5-14,1-7-8-3-5-11-13,1-3-11-4-8-12-13,1-7-8-5-11-3-13,1-8-3-11-13-5-7,1-7-8,3,False,False,False,11,False,False,False,True,5,DEV30
2026-07-16,R1C8_2026-07-16,PLAT,14-5-3-10-7,5-3-2-15-7-14-6,3-6-5-4-9-12-13,5-2-14-15-6-3-7,5-3-6-14-2-15-7,5-2-14,4,True,False,False,14,False,False,True,True,3,DEV30
2026-07-17,R1C4_2026-07-17,ATTELE_VOLTE,4-6-2-13-12,4-10-6-5-8-2-3,3-2-4-10-6-5-9,10-4-6-8-2-3-5,10-4-6-5-2-3-8,10-4-6,3,True,False,False,4,False,True,True,True,6,DEV30
2026-07-18,R1C4_2026-07-18,ATTELE_AUTOSTART,13-6-1-12-4,13-12-5-1-6-2-4,5-6-1-13-2-12-3,13-12-4-6-5-2-1,13-1-2-12-6-5-4,13-12-4,5,True,True,True,13,True,True,True,True,6,DEV30
2026-07-19,R1C3_2026-07-19,PLAT,1-13-8-9-4,11-1-13-9-7-4-3,4-9-7-1-3-13-6,13-11-9-4-1-7-3,13-4-1-7-9-3-11,13-11-9,4,False,False,False,1,False,False,False,True,6,DEV30
2026-07-20,R1C8_2026-07-20,PLAT,15-11-1-13-2,1-2-3-5-11-4-15,5-1-10-2-9-4-6,15-1-2-11-5-3-4,2-1-5-4-15-3-11,15-1-2,4,True,False,False,15,True,True,True,True,4,DEV30
2026-07-21,R1C8_2026-07-21,PLAT,4-8-14-13-6,14-3-1-4-13-7-6,2-4-11-3-6-1-7,14-13-1-4-3-7-6,3-4-7-1-6-14-13,14-13-1,4,False,False,False,4,False,False,False,True,5,DEV30
2026-07-22,R1C8_2026-07-22,ATTELE_VOLTE,13-4-6-10-8,13-9-14-1-10-4-5,10-5-6-13-9-3-14,13-14-9-10-4-1-5,9-13-10-14-5-4-1,13-14-9,3,False,False,False,13,True,True,True,True,5,DEV30
2026-07-23,R1C8_2026-07-23,PLAT,6-7-9-14-2,4-6-9-11-14-10-12,4-6-5-1-2-3-7,14-11-10-9-4-6-12,6-4-14-9-12-11-10,14-11-10,3,False,False,False,6,False,False,False,True,2,DEV30
2026-07-24,R1C4_2026-07-24,ATTELE_VOLTE,11-14-2-9-3,2-9-8-11-7-14-5,14-9-15-10-6-3-12,2-11-9-7-14-5-8,14-9-2-5-7-11-8,2-11-9,4,True,True,False,11,False,True,True,True,2,DEV30
2026-07-25,R1C4_2026-07-25,ATTELE_AUTOSTART,7-3-4-13-12,7-4-5-11-12-3-1,7-1-11-5-4-12-14,7-4-12-11-5-1-3,4-7-11-1-12-5-3,7-4-12,4,True,False,False,7,True,True,True,True,6,DEV30
2026-07-26,R1C3_2026-07-26,PLAT,16-8-6-2-7,13-3-2-4-10-6-11,15-4-3-2-10-13-5,13-3-2-6-4-10-11,2-13-3-4-10-6-11,13-3-2,2,False,False,False,16,False,False,False,False,5,DEV30
2026-07-27,R1C5_2026-07-27,STEEPLECHASE,12-13-7-4-1,12-4-15-9-7-8-6,3-4-16-6-12-8-2,12-7-4-15-8-9-6,12-4-8-6-7-9-15,12-7-4,3,False,False,False,12,True,True,True,True,4,DEV30
2026-07-28,R1C8_2026-07-28,PLAT,13-8-7-5-4,7-1-13-3-5-8-2,3-7-5-1-6-10-2,13-7-5-1-6-3-2,7-3-1-5-2-13-6,13-7-5,3,False,False,False,13,True,True,True,True,5,DEV30
2026-07-29,R1C1_2026-07-29,ATTELE_VOLTE,9-13-2-14-8,9-13-4-11-14-16-5,5-4-11-9-14-13-7,9-13-14-4-16-5-11,13-9-11-14-4-5-16,9-13-14,3,False,False,False,9,True,True,True,True,6,DEV30
2026-07-30,R1C7_2026-07-30,PLAT,10-14-12-3-16,14-2-7-9-10-12-1,14-5-7-8-1-2-3,10-12-14-2-9-7-1,14-7-2-1-12-10-9,10-12-14,3,True,False,False,10,True,True,True,True,4,DEV30
2026-07-31,R1C4_2026-07-31,ATTELE_VOLTE,3-4-2-5-8,12-13-3-7-5-14-6,3-14-13-4-1-12-7,12-5-14-13-3-7-6,3-14-12-13-7-5-6,12-5-14,2,False,False,False,3,False,False,False,True,5,DEV30
2026-08-01,R1C3_2026-08-01,PLAT,7-11-2-13-14,1-11-7-13-4-3-2,13-11-1-5-7-3-4,7-11-4-13-1-3-2,11-13-1-7-4-3-2,7-11-4,4,True,True,False,7,True,True,True,True,6,DEV30
2026-08-02,R1C3_2026-08-02,PLAT,16-10-3-5-1,2-18-13-5-16-4-1,2-3-4-1-13-16-5,18-16-2-13-5-4-1,16-2-13-4-1-5-18,18-16-2,3,False,False,False,16,False,True,True,True,6,DEV30
2026-08-03,R1C8_2026-08-03,PLAT,2-8-1-15-6,7-1-15-2-10-8-6,1-10-8-7-6-16-9,7-15-2-10-1-8-6,7-1-10-8-6-15-2,7-15-2,5,True,True,True,2,False,False,True,True,5,DEV30
2026-08-04,R1C8_2026-08-04,PLAT,4-3-6-1-9,3-4-2-8-1-12-14,3-8-2-5-1-7-4,4-14-2-8-3-1-12,4-8-3-1-2-14-12,4-14-2,3,False,False,False,4,True,True,True,True,5,DEV30
2026-08-05,R1C5_2026-08-05,ATTELE_VOLTE,5-3-12-4-8,6-3-14-4-5-12-8,5-4-14-6-8-3-7,6-5-3-14-4-8-12,14-4-5-3-6-8-12,6-5-3,5,True,True,True,5,False,True,True,True,6,DEV30
2026-08-06,R1C8_2026-08-06,ATTELE_VOLTE,11-5-4-1-2,14-5-7-3-9-11-4,10-11-3-7-4-14-5,5-14-11-9-7-4-3,11-14-5-3-4-7-9,5-14-11,3,True,False,False,11,False,False,True,True,6,DEV30
2026-08-07,R1C4_2026-08-07,ATTELE_VOLTE,7-15-14-3-8,9-15-7-14-6-12-1,15-9-1-12-2-8-6,12-9-15-7-6-1-14,12-9-15-1-6-7-14,12-9-15,3,True,False,False,7,False,False,False,True,5,DEV30
2026-08-08,R1C3_2026-08-08,PLAT,3-9-12-15-6,4-5-13-1-6-8-9,9-4-13-7-15-1-2,6-1-8-13-4-9-15,9-4-13-1-6-15-8,6-1-8,3,False,False,False,3,False,False,False,False,4,DEV30
2026-08-09,R1C3_2026-08-09,PLAT,11-13-18-3-1,3-11-6-10-4-7-9,2-6-9-3-4-1-11,11-3-6-4-10-9-7,3-6-4-9-11-10-7,11-3-6,2,False,False,False,11,True,True,True,True,5,DEV30
2026-08-10,R1C5_2026-08-10,PLAT,4-11-2-8-16,2-11-5-4-12-6-8,11-5-2-4-6-3-16,11-2-5-6-4-12-8,11-5-2-4-6-8-12,11-2-5,4,True,True,False,4,False,False,False,True,5,HOLDOUT28
2026-08-11,R1C8_2026-08-11,PLAT,3-10-4-7-8,3-4-7-9-2-10-1,4-8-16-7-1-2-3,3-10-9-4-7-2-1,4-7-3-1-2-10-9,3-10-9,4,True,True,False,3,True,True,True,True,5,HOLDOUT28
2026-08-12,R1C8_2026-08-12,ATTELE_VOLTE,14-4-3-7-13,14-8-12-10-2-5-1,2-5-14-8-1-9-6,14-8-5-2-10-12-1,14-2-8-5-1-12-10,14-8-5,1,False,False,False,14,True,True,True,True,5,HOLDOUT28
2026-08-13,R1C8_2026-08-13,PLAT,3-6-13-1-16,15-10-8-2-6-3-13,3-8-4-10-11-13-2,15-10-2-8-3-6-13,10-8-3-2-13-15-6,15-10-2,3,True,False,False,3,False,False,False,True,5,HOLDOUT28
2026-08-14,R1C4_2026-08-14,ATTELE_AUTOSTART,10-4-9-1-13,10-13-5-9-3-4-12,12-10-13-9-3-4-6,13-10-4-3-5-12-9,13-10-9-3-12-4-5,13-10-4,4,True,False,False,10,False,True,True,True,6,HOLDOUT28
2026-08-15,R1C3_2026-08-15,PLAT,13-11-7-16-6,9-6-10-2-7-16-8,9-8-6-2-1-7-4,9-16-6-7-10-8-2,9-6-7-8-2-16-10,9-16-6,3,False,False,False,13,False,False,False,False,5,HOLDOUT28
2026-08-16,R1C3_2026-08-16,PLAT,8-14-11-5-4,8-6-11-10-12-3-1,1-6-8-11-2-10-12,8-10-6-11-12-1-3,8-11-6-12-10-1-3,8-10-6,2,False,False,False,8,True,True,True,True,6,HOLDOUT28
2026-08-17,R1C8_2026-08-17,HAIES,4-2-12-13-15,4-1-11-12-3-8-5,5-16-4-12-1-8-15,11-4-3-1-12-8-5,12-1-4-5-8-11-3,11-4-3,2,False,False,False,4,False,True,True,True,5,HOLDOUT28
2026-08-18,R1C8_2026-08-18,PLAT,2-9-13-14-15,9-5-15-10-7-16-4,5-9-4-3-11-6-8,16-9-10-7-5-15-4,9-5-4-16-10-7-15,16-9-10,2,False,False,False,2,False,False,False,False,3,HOLDOUT28
2026-08-19,R1C8_2026-08-19,ATTELE_VOLTE,4-10-12-11-7,14-13-4-12-10-15-11,4-10-13-14-15-2-7,14-13-10-4-15-12-11,13-10-14-4-15-12-11,14-13-10,4,True,True,False,4,False,False,False,True,5,HOLDOUT28
2026-08-20,R1C8_2026-08-20,PLAT,11-15-6-9-3,8-2-7-3-9-6-10,6-8-2-9-7-10-16,8-3-7-10-9-6-2,10-8-9-2-7-6-3,8-3-7,3,False,False,False,11,False,False,False,False,6,HOLDOUT28
2026-08-21,R1C4_2026-08-21,ATTELE_VOLTE,4-13-8-7-3,8-13-11-2-7-14-9,14-2-13-11-4-9-7,8-7-11-14-13-2-9,13-2-14-7-11-9-8,8-7-11,3,False,False,False,4,False,False,False,False,6,HOLDOUT28
2026-08-22,R1C3_2026-08-22,PLAT,14-9-5-12-10,3-5-10-9-2-15-1,4-1-16-3-7-5-10,5-3-9-10-15-2-1,5-3-10-1-9-2-15,5-3-9,3,False,False,False,14,False,False,False,False,4,HOLDOUT28
2026-08-23,R1C3_2026-08-23,PLAT,13-5-12-6-11,5-2-13-6-12-7-11,5-2-7-6-14-9-11,13-6-5-7-12-2-11,5-7-6-2-11-13-12,13-6-5,5,True,True,True,13,True,True,True,True,5,HOLDOUT28
2026-08-24,R1C8_2026-08-24,ATTELE_VOLTE,13-16-3-17-18,17-13-16-9-15-12-5,17-5-9-13-8-16-3,13-17-5-9-16-15-12,17-13-5-9-16-15-12,13-17-5,3,False,False,False,13,True,True,True,True,5,HOLDOUT28
2026-08-25,R1C8_2026-08-25,PLAT,14-9-11-6-3,11-3-14-4-5-9-6,11-4-8-5-10-3-6,9-11-3-14-4-5-6,11-3-5-4-6-9-14,9-11-3,5,True,True,True,14,False,False,False,True,5,HOLDOUT28
2026-08-26,R1C8_2026-08-26,STEEPLECHASE,6-10-1-4-13,4-6-1-13-14-5-3,5-2-4-1-11-6-3,14-13-6-4-5-1-3,4-6-1-5-3-14-13,14-13-6,4,False,False,False,6,False,False,True,True,5,HOLDOUT28
2026-08-27,R1C8_2026-08-27,PLAT,13-1-3-5-14,1-4-2-14-3-9-11,11-1-3-16-4-8-9,14-4-3-1-11-2-9,3-4-1-11-9-14-2,14-4-3,3,False,False,False,13,False,False,False,False,5,HOLDOUT28
2026-08-28,R1C4_2026-08-28,ATTELE_VOLTE,5-9-10-16-1,7-6-4-13-16-9-3,9-6-3-4-7-5-14,13-7-4-9-6-16-3,7-4-6-9-3-13-16,13-7-4,2,False,False,False,5,False,False,False,False,5,HOLDOUT28
2026-08-29,R1C4_2026-08-29,ATTELE_VOLTE,6-12-13-2-1,12-8-9-6-13-2-1,7-8-9-6-12-3-5,12-13-2-8-9-6-5,12-8-9-6-13-2-5,12-13-2,4,True,True,False,6,False,False,False,True,4,HOLDOUT28
2026-08-31,R1C1_2026-08-31,PLAT,1-2-15-14-13,9-11-8-6-14-12-13,4-13-6-1-8-11-2,11-9-8-6-12-13-14,11-13-6-8-9-14-12,11-9-8,2,False,False,False,1,False,False,False,False,4,HOLDOUT28
2026-09-02,R1C1_2026-09-02,ATTELE_AUTOSTART,9-13-10-6-11,9-13-7-1-11-6-10,9-10-13-2-8-1-3,13-9-7-11-1-10-6,13-9-10-1-7-11-6,13-9-7,5,True,True,True,9,False,True,True,True,4,HOLDOUT28
2026-09-03,R1C1_2026-09-03,PLAT,14-1-10-3-13,3-13-14-16-1-9-8,13-9-3-8-7-10-16,3-13-14-16-9-1-8,13-9-3-16-8-1-14,3-13-14,4,False,False,False,14,False,False,True,True,5,HOLDOUT28
2026-09-04,R1C4_2026-09-04,ATTELE_VOLTE,8-11-12-6-2,15-11-14-9-2-8-6,2-11-6-9-13-4-15,15-14-11-2-6-9-8,15-11-2-6-9-14-8,15-14-11,4,False,False,False,8,False,False,False,True,5,HOLDOUT28
2026-09-05,R1C4_2026-09-05,ATTELE_VOLTE,10-3-13-6-14,10-3-6-11-14-8-13,6-13-8-10-3-14-11,10-3-8-11-14-6-13,10-13-3-8-14-6-11,10-3-8,5,True,True,True,10,True,True,True,True,7,HOLDOUT28
2026-09-06,R1C3_2026-09-06,PLAT,9-2-16-12-1,8-4-13-2-10-12-9,4-9-12-13-2-8-5,8-10-13-12-4-9-2,4-8-12-2-9-13-10,8-10-13,3,False,False,False,9,False,False,False,True,6,HOLDOUT28
2026-09-07,R1C1_2026-09-07,ATTELE_VOLTE,13-16-7-3-6,13-14-8-16-10-3-5,13-16-3-14-8-10-6,10-14-5-13-3-16-8,14-10-13-3-16-8-5,10-14-5,3,False,False,False,13,False,False,False,True,6,HOLDOUT28
2026-09-08,R1C1_2026-09-08,HAIES,8-14-9-4-5,10-1-2-16-5-8-12,2-10-16-12-9-3-1,8-1-5-10-16-2-12,10-2-1-16-12-8-5,8-1-5,2,False,False,False,8,True,True,True,True,5,HOLDOUT28
